"J&K Extends Closure Of Schools, Higher Education Institutions"
"JK Govt Lifts Ban on Muharram Processions, Ruhullah Questions Motive"
Jaish Chief’s Aide Among 2 Killed In Dachigam Gunfight
"89 Militants Killed, Over 200 Still Active in Kashmir: IGP"
Hope Fades For Survivors Of Kishtwar Cloudburst
"No CID Clearance To People Involved In Law & Order, Stone Pelting"
J&K Mulls Reopening Edu Institutions In Phased Manner
J&K LG Orders Gala Celebrations On August 15
Father Of 5 Dies ‘Inside Army Camp’ In Gurez
Azad For Participation In Assembly Polls Whenever Held
